Protocol,Date,TVL_USD,TVL_Check
Aave,2024-01-01,"6,628,392,895.23",OK
Aave,2024-01-02,"6,849,093,340.65",OK
Aave,2024-01-03,"6,853,216,356.07",OK
Aave,2024-01-04,"6,444,211,056.23",OK
Aave,2024-01-05,"6,646,273,000.71",OK
Aave,2024-01-06,"6,795,855,756.39",OK
Aave,2024-01-07,"6,745,052,098.12",OK
Aave,2024-01-08,"6,648,641,408.24",OK
Aave,2024-01-09,"6,960,442,335.45",OK
Aave,2024-01-10,"7,000,972,250.58",OK
Aave,2024-01-11,"7,625,851,531.57",OK
Aave,2024-01-12,"7,735,464,902.81",OK
Aave,2024-01-13,"7,400,179,018.80",OK
Aave,2024-01-14,"7,527,115,210.07",OK
Aave,2024-01-15,"7,348,678,385.70",OK
Aave,2024-01-16,"7,438,792,939.94",OK
Aave,2024-01-17,"7,537,526,423.80",OK
Aave,2024-01-18,"7,370,181,188.15",OK
Aave,2024-01-19,"7,229,174,387.85",OK
Aave,2024-01-20,"7,225,072,959.87",OK
Aave,2024-01-21,"7,258,826,808.48",OK
Aave,2024-01-22,"7,191,881,116.46",OK
Aave,2024-01-23,"6,763,908,457.85",OK
Aave,2024-01-24,"6,674,985,461.89",OK
Aave,2024-01-25,"6,690,268,060.72",OK
Aave,2024-01-26,"6,688,875,414.46",OK
Aave,2024-01-27,"6,896,436,108.83",OK
Aave,2024-01-28,"6,902,065,807.76",OK
Aave,2024-01-29,"6,871,555,660.16",OK
Aave,2024-01-30,"6,947,968,841.42",OK
Aave,2024-01-31,"6,938,434,814.19",OK
Aave,2024-02-01,"6,811,813,369.57",OK
Aave,2024-02-02,"6,920,362,658.96",OK
Aave,2024-02-03,"6,968,147,018.45",OK
Aave,2024-02-04,"6,914,746,011.77",OK
Aave,2024-02-05,"6,936,586,371.69",OK
Aave,2024-02-06,"6,967,544,718.80",OK
Aave,2024-02-07,"7,073,906,651.94",OK
Aave,2024-02-08,"7,190,716,758.48",OK
Aave,2024-02-09,"7,176,283,660.21",OK
Aave,2024-02-10,"7,415,208,727.53",OK
Aave,2024-02-11,"7,477,947,895.41",OK
Aave,2024-02-12,"7,513,041,003.93",OK
Aave,2024-02-13,"7,874,473,466.76",OK
Aave,2024-02-14,"7,810,503,161.12",OK
Aave,2024-02-15,"8,190,341,158.11",OK
Aave,2024-02-16,"8,332,364,049.15",OK
Aave,2024-02-17,"8,281,891,584.34",OK
Aave,2024-02-18,"8,232,254,607.72",OK
Aave,2024-02-19,"8,418,385,890.89",OK
Aave,2024-02-20,"8,556,470,272.63",OK
Aave,2024-02-21,"8,639,437,049.56",OK
Aave,2024-02-22,"8,525,112,835.27",OK
Aave,2024-02-23,"8,506,381,002.55",OK
Aave,2024-02-24,"8,374,787,711.90",OK
Aave,2024-02-25,"8,559,096,617.43",OK
Aave,2024-02-26,"8,805,585,947.65",OK
Aave,2024-02-27,"9,093,517,770.63",OK
Aave,2024-02-28,"9,299,228,935.36",OK
Aave,2024-02-29,"9,755,087,875.64",OK
Aave,2024-03-01,"9,848,975,157.16",OK
Aave,2024-03-02,"10,097,043,925.83",OK
Aave,2024-03-03,"10,087,535,164.11",OK
Aave,2024-03-04,"10,296,141,941.41",OK
Aave,2024-03-05,"10,734,348,517.67",OK
Aave,2024-03-06,"10,472,732,032.94",OK
Aave,2024-03-07,"11,176,466,832.95",OK
Aave,2024-03-08,"11,302,178,239.28",OK
Aave,2024-03-09,"11,438,314,075.80",OK
Aave,2024-03-10,"11,513,011,475.82",OK
Aave,2024-03-11,"11,570,263,333.64",OK
Aave,2024-03-12,"12,111,611,705.29",OK
Aave,2024-03-13,"11,895,889,901.72",OK
Aave,2024-03-14,"12,067,356,451.88",OK
Aave,2024-03-15,"11,759,625,818.30",OK
Aave,2024-03-16,"11,439,693,080.23",OK
Aave,2024-03-17,"10,845,670,751.84",OK
Aave,2024-03-18,"11,141,824,894.47",OK
Aave,2024-03-19,"10,930,140,808.94",OK
Aave,2024-03-20,"9,836,366,100.71",OK
Aave,2024-03-21,"10,971,748,524.36",OK
Aave,2024-03-22,"10,566,234,016.51",OK
Aave,2024-03-23,"10,495,645,149.51",OK
Aave,2024-03-24,"10,615,649,865.85",OK
Aave,2024-03-25,"10,973,392,957.84",OK
Aave,2024-03-26,"11,570,585,685.92",OK
Aave,2024-03-27,"11,573,324,184.88",OK
Aave,2024-03-28,"11,233,401,039.57",OK
Aave,2024-03-29,"11,509,494,541.21",OK
Aave,2024-03-30,"11,241,161,959.41",OK
Aave,2024-03-31,"11,190,122,359.47",OK
Aave,2025-01-01,"20,408,397,741.50",OK
Aave,2025-01-02,"20,814,608,339.34",OK
Aave,2025-01-03,"21,122,671,066.84",OK
Aave,2025-01-04,"21,522,938,561.06",OK
Aave,2025-01-05,"21,761,709,212.44",OK
Aave,2025-01-06,"21,825,698,838.66",OK
Aave,2025-01-07,"22,114,899,474.45",OK
Aave,2025-01-08,"20,269,799,760.76",OK
Aave,2025-01-09,"20,108,906,486.77",OK
Aave,2025-01-10,"19,736,496,566.08",OK
Aave,2025-01-11,"20,312,030,226.75",OK
Aave,2025-01-12,"20,534,545,565.30",OK
Aave,2025-01-13,"20,688,516,704.17",OK
Aave,2025-01-14,"20,301,546,526.62",OK
Aave,2025-01-15,"20,896,596,304.03",OK
Aave,2025-01-16,"21,912,249,448.57",OK
Aave,2025-01-17,"21,303,340,325.69",OK
Aave,2025-01-18,"22,165,200,061.91",OK
Aave,2025-01-19,"21,512,079,248.16",OK
Aave,2025-01-20,"21,063,010,430.83",OK
Aave,2025-01-21,"21,379,948,183.36",OK
Aave,2025-01-22,"21,688,679,846.22",OK
Aave,2025-01-23,"21,421,586,765.72",OK
Aave,2025-01-24,"21,649,367,679.66",OK
Aave,2025-01-25,"21,871,609,662.73",OK
Aave,2025-01-26,"22,009,312,421.59",OK
Aave,2025-01-27,"21,792,060,311.23",OK
Aave,2025-01-28,"20,971,974,272.05",OK
Aave,2025-01-29,"20,990,835,531.11",OK
Aave,2025-01-30,"21,279,668,625.61",OK
Aave,2025-01-31,"21,918,331,537.50",OK
Aave,2025-02-01,"22,108,741,533.68",OK
Aave,2025-02-02,"21,252,624,755.88",OK
Aave,2025-02-03,"19,685,342,173.32",OK
Aave,2025-02-04,"20,409,749,450.86",OK
Aave,2025-02-05,"19,771,961,577.15",OK
Aave,2025-02-06,"19,721,375,720.80",OK
Aave,2025-02-07,"19,609,131,076.17",OK
Aave,2025-02-08,"19,373,464,709.45",OK
Aave,2025-02-09,"19,524,298,256.02",OK
Aave,2025-02-10,"19,403,178,929.64",OK
Aave,2025-02-11,"19,773,070,280.38",OK
Aave,2025-02-12,"19,304,263,972.09",OK
Aave,2025-02-13,"19,874,643,487.75",OK
Aave,2025-02-14,"19,756,259,650.35",OK
Aave,2025-02-15,"20,011,258,418.83",OK
Aave,2025-02-16,"19,875,781,936.59",OK
Aave,2025-02-17,"19,603,080,915.00",OK
Aave,2025-02-18,"20,009,016,966.68",OK
Aave,2025-02-19,"19,635,282,778.83",OK
Aave,2025-02-20,"19,949,291,693.72",OK
Aave,2025-02-21,"20,209,497,394.17",OK
Aave,2025-02-22,"19,701,522,864.81",OK
Aave,2025-02-23,"19,724,641,671.34",OK
Aave,2025-02-24,"20,549,153,215.72",OK
Aave,2025-02-25,"19,295,633,021.00",OK
Aave,2025-02-26,"19,176,001,550.38",OK
Aave,2025-02-27,"18,096,041,252.94",OK
Aave,2025-02-28,"18,154,244,712.36",OK
Aave,2025-03-01,"18,112,530,528.31",OK
Aave,2025-03-02,"18,211,125,802.61",OK
Aave,2025-03-03,"20,000,944,991.69",OK
Aave,2025-03-04,"18,079,760,950.77",OK
Aave,2025-03-05,"18,213,529,063.07",OK
Aave,2025-03-06,"18,797,388,032.91",OK
Aave,2025-03-07,"18,150,534,275.10",OK
Aave,2025-03-08,"18,140,654,626.55",OK
Aave,2025-03-09,"18,273,451,829.23",OK
Aave,2025-03-10,"17,228,419,988.01",OK
Aave,2025-03-11,"16,577,754,769.70",OK
Aave,2025-03-12,"17,045,972,678.72",OK
Aave,2025-03-13,"17,173,034,714.16",OK
Aave,2025-03-14,"16,969,163,710.11",OK
Aave,2025-03-15,"17,550,596,798.67",OK
Aave,2025-03-16,"17,726,351,503.81",OK
Aave,2025-03-17,"17,545,451,883.80",OK
Aave,2025-03-18,"17,694,665,468.88",OK
Aave,2025-03-19,"17,714,439,013.90",OK
Aave,2025-03-20,"17,761,017,285.69",OK
Aave,2025-03-21,"17,378,691,797.03",OK
Aave,2025-03-22,"17,572,426,006.16",OK
Aave,2025-03-23,"17,863,091,317.89",OK
Aave,2025-03-24,"18,396,332,042.88",OK
Aave,2025-03-25,"19,038,316,012.86",OK
Aave,2025-03-26,"19,285,847,639.88",OK
Aave,2025-03-27,"18,848,256,159.64",OK
Aave,2025-03-28,"19,026,534,204.58",OK
Aave,2025-03-29,"18,239,007,925.82",OK
Aave,2025-03-30,"17,736,343,571.02",OK
Aave,2025-03-31,"16,765,305,463.09",OK
Compound,2024-01-01,"2,277,441,259.18",OK
Compound,2024-01-02,"2,353,973,740.68",OK
Compound,2024-01-03,"2,390,672,749.62",OK
Compound,2024-01-04,"2,291,631,430.68",OK
Compound,2024-01-05,"2,350,363,404.64",OK
Compound,2024-01-06,"2,348,552,028.53",OK
Compound,2024-01-07,"2,329,827,033.75",OK
Compound,2024-01-08,"2,315,223,120.00",OK
Compound,2024-01-09,"2,445,008,461.36",OK
Compound,2024-01-10,"2,464,676,735.53",OK
Compound,2024-01-11,"2,583,072,955.07",OK
Compound,2024-01-12,"2,552,982,517.49",OK
Compound,2024-01-13,"2,426,366,629.46",OK
Compound,2024-01-14,"2,448,710,502.32",OK
Compound,2024-01-15,"2,389,754,432.20",OK
Compound,2024-01-16,"2,419,011,449.29",OK
Compound,2024-01-17,"2,393,616,821.29",OK
Compound,2024-01-18,"2,331,336,192.13",OK
Compound,2024-01-19,"2,248,260,558.25",OK
Compound,2024-01-20,"2,277,029,394.78",OK
Compound,2024-01-21,"2,270,054,929.15",OK
Compound,2024-01-22,"2,257,501,099.54",OK
Compound,2024-01-23,"2,123,459,713.55",OK
Compound,2024-01-24,"2,106,397,014.08",OK
Compound,2024-01-25,"2,103,619,482.63",OK
Compound,2024-01-26,"2,109,368,679.32",OK
Compound,2024-01-27,"2,166,705,140.16",OK
Compound,2024-01-28,"2,180,354,534.04",OK
Compound,2024-01-29,"2,173,055,598.02",OK
Compound,2024-01-30,"2,227,990,358.54",OK
Compound,2024-01-31,"2,182,554,996.21",OK
Compound,2024-02-01,"2,131,115,067.16",OK
Compound,2024-02-02,"2,193,733,255.46",OK
Compound,2024-02-03,"2,190,523,107.40",OK
Compound,2024-02-04,"2,185,893,513.90",OK
Compound,2024-02-05,"2,163,190,838.61",OK
Compound,2024-02-06,"2,193,747,451.97",OK
Compound,2024-02-07,"2,207,659,584.28",OK
Compound,2024-02-08,"2,258,782,627.29",OK
Compound,2024-02-09,"2,268,381,247.25",OK
Compound,2024-02-10,"2,337,759,881.74",OK
Compound,2024-02-11,"2,365,760,821.56",OK
Compound,2024-02-12,"2,395,090,011.35",OK
Compound,2024-02-13,"2,460,473,482.70",OK
Compound,2024-02-14,"2,440,466,601.07",OK
Compound,2024-02-15,"2,543,081,791.93",OK
Compound,2024-02-16,"2,541,548,716.11",OK
Compound,2024-02-17,"2,533,736,495.74",OK
Compound,2024-02-18,"2,522,573,766.18",OK
Compound,2024-02-19,"2,565,286,435.87",OK
Compound,2024-02-20,"2,585,562,470.43",OK
Compound,2024-02-21,"2,553,504,252.89",OK
Compound,2024-02-22,"2,505,210,354.44",OK
Compound,2024-02-23,"2,479,199,049.30",OK
Compound,2024-02-24,"2,491,386,285.41",OK
Compound,2024-02-25,"2,518,084,235.57",OK
Compound,2024-02-26,"2,578,925,042.27",OK
Compound,2024-02-27,"2,665,743,372.82",OK
Compound,2024-02-28,"2,726,812,220.66",OK
Compound,2024-02-29,"2,854,631,785.39",OK
Compound,2024-03-01,"2,826,105,127.84",OK
Compound,2024-03-02,"2,873,502,584.23",OK
Compound,2024-03-03,"2,809,278,016.17",OK
Compound,2024-03-04,"2,869,405,938.22",OK
Compound,2024-03-05,"2,993,922,274.64",OK
Compound,2024-03-06,"2,908,179,295.54",OK
Compound,2024-03-07,"3,066,922,818.77",OK
Compound,2024-03-08,"3,078,506,815.17",OK
Compound,2024-03-09,"3,098,537,243.42",OK
Compound,2024-03-10,"3,074,909,288.98",OK
Compound,2024-03-11,"3,057,917,431.30",OK
Compound,2024-03-12,"3,153,586,839.26",OK
Compound,2024-03-13,"3,022,222,673.98",OK
Compound,2024-03-14,"3,040,004,197.28",OK
Compound,2024-03-15,"2,958,657,499.58",OK
Compound,2024-03-16,"2,846,533,710.82",OK
Compound,2024-03-17,"2,680,833,267.70",OK
Compound,2024-03-18,"2,775,982,264.42",OK
Compound,2024-03-19,"2,758,266,441.81",OK
Compound,2024-03-20,"2,499,978,868.18",OK
Compound,2024-03-21,"2,732,156,526.78",OK
Compound,2024-03-22,"2,708,083,161.68",OK
Compound,2024-03-23,"2,605,637,868.14",OK
Compound,2024-03-24,"2,625,326,600.99",OK
Compound,2024-03-25,"2,687,797,254.43",OK
Compound,2024-03-26,"2,787,910,344.76",OK
Compound,2024-03-27,"2,858,083,499.81",OK
Compound,2024-03-28,"2,765,412,066.00",OK
Compound,2024-03-29,"2,848,612,616.41",OK
Compound,2024-03-30,"2,798,409,820.73",OK
Compound,2024-03-31,"2,768,752,604.58",OK
Compound,2025-01-01,"2,705,393,814.60",OK
Compound,2025-01-02,"2,735,429,476.12",OK
Compound,2025-01-03,"2,796,805,906.14",OK
Compound,2025-01-04,"2,881,952,442.24",OK
Compound,2025-01-05,"2,906,511,906.65",OK
Compound,2025-01-06,"2,893,616,631.63",OK
Compound,2025-01-07,"2,955,280,719.69",OK
Compound,2025-01-08,"2,778,336,046.80",OK
Compound,2025-01-09,"2,747,771,500.48",OK
Compound,2025-01-10,"2,679,457,385.05",OK
Compound,2025-01-11,"2,724,418,053.80",OK
Compound,2025-01-12,"2,737,657,859.20",OK
Compound,2025-01-13,"2,715,409,649.41",OK
Compound,2025-01-14,"2,670,766,684.47",OK
Compound,2025-01-15,"2,747,929,982.26",OK
Compound,2025-01-16,"2,879,650,347.87",OK
Compound,2025-01-17,"2,814,647,806.52",OK
Compound,2025-01-18,"2,991,350,210.80",OK
Compound,2025-01-19,"2,889,856,299.44",OK
Compound,2025-01-20,"2,824,922,423.06",OK
Compound,2025-01-21,"2,897,773,351.51",OK
Compound,2025-01-22,"2,964,082,653.98",OK
Compound,2025-01-23,"2,858,841,705.61",OK
Compound,2025-01-24,"2,923,487,964.86",OK
Compound,2025-01-25,"2,909,447,665.43",OK
Compound,2025-01-26,"2,910,137,904.81",OK
Compound,2025-01-27,"2,869,540,088.51",OK
Compound,2025-01-28,"2,830,149,537.57",OK
Compound,2025-01-29,"2,784,575,233.03",OK
Compound,2025-01-30,"2,857,626,442.96",OK
Compound,2025-01-31,"2,906,221,677.92",OK
Compound,2025-02-01,"2,905,974,134.48",OK
Compound,2025-02-02,"2,827,517,495.55",OK
Compound,2025-02-03,"2,646,603,597.11",OK
Compound,2025-02-04,"2,726,330,522.53",OK
Compound,2025-02-05,"2,601,118,386.08",OK
Compound,2025-02-06,"2,587,321,789.35",OK
Compound,2025-02-07,"2,569,065,907.90",OK
Compound,2025-02-08,"2,554,894,837.39",OK
Compound,2025-02-09,"2,552,211,219.96",OK
Compound,2025-02-10,"2,571,021,098.94",OK
Compound,2025-02-11,"2,618,755,527.01",OK
Compound,2025-02-12,"2,625,275,116.58",OK
Compound,2025-02-13,"2,717,552,332.51",OK
Compound,2025-02-14,"2,697,625,149.48",OK
Compound,2025-02-15,"2,725,349,608.32",OK
Compound,2025-02-16,"2,703,985,083.87",OK
Compound,2025-02-17,"2,676,425,509.97",OK
Compound,2025-02-18,"2,706,433,876.78",OK
Compound,2025-02-19,"2,668,852,574.90",OK
Compound,2025-02-20,"2,703,504,006.73",OK
Compound,2025-02-21,"2,762,861,453.99",OK
Compound,2025-02-22,"2,695,494,785.55",OK
Compound,2025-02-23,"2,749,165,276.61",OK
Compound,2025-02-24,"2,770,528,880.11",OK
Compound,2025-02-25,"2,587,439,839.78",OK
Compound,2025-02-26,"2,504,562,823.55",OK
Compound,2025-02-27,"2,401,660,287.85",OK
Compound,2025-02-28,"2,350,912,917.51",OK
Compound,2025-03-01,"2,342,262,286.73",OK
Compound,2025-03-02,"2,384,013,580.63",OK
Compound,2025-03-03,"2,598,928,143.32",OK
Compound,2025-03-04,"2,389,047,830.97",OK
Compound,2025-03-05,"2,399,801,406.59",OK
Compound,2025-03-06,"2,504,245,828.42",OK
Compound,2025-03-07,"2,450,283,483.40",OK
Compound,2025-03-08,"2,408,863,608.15",OK
Compound,2025-03-09,"2,426,939,740.85",OK
Compound,2025-03-10,"2,255,343,982.48",OK
Compound,2025-03-11,"2,200,770,709.20",OK
Compound,2025-03-12,"2,280,887,357.56",OK
Compound,2025-03-13,"2,283,671,846.31",OK
Compound,2025-03-14,"2,238,444,217.69",OK
Compound,2025-03-15,"2,304,580,127.69",OK
Compound,2025-03-16,"2,290,003,906.57",OK
Compound,2025-03-17,"2,257,980,525.47",OK
Compound,2025-03-18,"2,264,637,363.50",OK
Compound,2025-03-19,"2,242,312,072.07",OK
Compound,2025-03-20,"2,299,396,490.84",OK
Compound,2025-03-21,"2,243,371,994.75",OK
Compound,2025-03-22,"2,225,689,693.22",OK
Compound,2025-03-23,"2,231,904,566.71",OK
Compound,2025-03-24,"2,271,929,946.09",OK
Compound,2025-03-25,"2,288,707,187.53",OK
Compound,2025-03-26,"2,275,848,821.31",OK
Compound,2025-03-27,"2,225,499,584.28",OK
Compound,2025-03-28,"2,237,071,328.88",OK
Compound,2025-03-29,"2,154,476,622.07",OK
Compound,2025-03-30,"2,146,362,901.71",OK
Compound,2025-03-31,"2,123,029,702.35",OK
Curve,2024-01-01,"1,821,544,914.86",OK
Curve,2024-01-02,"1,861,698,736.60",OK
Curve,2024-01-03,"1,862,357,484.64",OK
Curve,2024-01-04,"1,765,098,006.00",OK
Curve,2024-01-05,"1,803,008,744.67",OK
Curve,2024-01-06,"1,789,536,599.69",OK
Curve,2024-01-07,"1,778,007,613.36",OK
Curve,2024-01-08,"1,761,426,565.34",OK
Curve,2024-01-09,"1,799,918,046.19",OK
Curve,2024-01-10,"1,826,171,787.57",OK
Curve,2024-01-11,"1,877,613,729.55",OK
Curve,2024-01-12,"1,888,775,673.84",OK
Curve,2024-01-13,"1,832,479,225.77",OK
Curve,2024-01-14,"1,839,802,932.67",OK
Curve,2024-01-15,"1,809,857,836.28",OK
Curve,2024-01-16,"1,811,915,147.75",OK
Curve,2024-01-17,"1,818,813,598.48",OK
Curve,2024-01-18,"1,812,520,697.79",OK
Curve,2024-01-19,"1,756,122,099.37",OK
Curve,2024-01-20,"1,764,920,161.97",OK
Curve,2024-01-21,"1,752,306,972.89",OK
Curve,2024-01-22,"1,770,766,149.60",OK
Curve,2024-01-23,"2,174,416,522.16",OK
Curve,2024-01-24,"2,132,577,800.56",OK
Curve,2024-01-25,"2,127,089,812.28",OK
Curve,2024-01-26,"2,090,955,215.04",OK
Curve,2024-01-27,"2,129,607,679.49",OK
Curve,2024-01-28,"2,132,708,900.13",OK
Curve,2024-01-29,"2,134,002,186.93",OK
Curve,2024-01-30,"2,170,421,412.31",OK
Curve,2024-01-31,"2,021,301,983.62",OK
Curve,2024-02-01,"1,992,139,330.38",OK
Curve,2024-02-02,"2,017,410,905.67",OK
Curve,2024-02-03,"2,033,202,050.17",OK
Curve,2024-02-04,"2,024,609,008.51",OK
Curve,2024-02-05,"2,019,719,707.67",OK
Curve,2024-02-06,"2,011,407,226.57",OK
Curve,2024-02-07,"2,045,232,941.78",OK
Curve,2024-02-08,"2,082,205,587.04",OK
Curve,2024-02-09,"2,069,437,331.73",OK
Curve,2024-02-10,"2,087,818,977.03",OK
Curve,2024-02-11,"2,085,072,438.69",OK
Curve,2024-02-12,"2,088,029,820.78",OK
Curve,2024-02-13,"2,148,119,550.65",OK
Curve,2024-02-14,"2,129,031,807.40",OK
Curve,2024-02-15,"2,218,443,697.62",OK
Curve,2024-02-16,"2,217,944,944.10",OK
Curve,2024-02-17,"2,220,533,476.15",OK
Curve,2024-02-18,"2,229,929,487.73",OK
Curve,2024-02-19,"2,284,255,858.73",OK
Curve,2024-02-20,"2,333,145,288.27",OK
Curve,2024-02-21,"2,344,896,102.54",OK
Curve,2024-02-22,"2,503,042,260.70",OK
Curve,2024-02-23,"2,502,558,975.47",OK
Curve,2024-02-24,"2,471,982,925.04",OK
Curve,2024-02-25,"2,483,598,028.28",OK
Curve,2024-02-26,"2,527,936,245.00",OK
Curve,2024-02-27,"2,615,534,110.97",OK
Curve,2024-02-28,"2,665,771,701.54",OK
Curve,2024-02-29,"2,730,334,557.94",OK
Curve,2024-03-01,"2,705,463,812.20",OK
Curve,2024-03-02,"2,755,554,347.72",OK
Curve,2024-03-03,"2,740,656,394.37",OK
Curve,2024-03-04,"2,754,341,295.87",OK
Curve,2024-03-05,"2,813,886,211.67",OK
Curve,2024-03-06,"2,743,773,245.23",OK
Curve,2024-03-07,"2,899,008,956.27",OK
Curve,2024-03-08,"2,883,790,550.51",OK
Curve,2024-03-09,"2,903,465,402.78",OK
Curve,2024-03-10,"2,887,748,725.50",OK
Curve,2024-03-11,"2,839,665,962.24",OK
Curve,2024-03-12,"2,930,567,473.31",OK
Curve,2024-03-13,"2,882,491,311.41",OK
Curve,2024-03-14,"2,894,646,955.43",OK
Curve,2024-03-15,"2,830,489,185.10",OK
Curve,2024-03-16,"2,749,079,201.07",OK
Curve,2024-03-17,"2,631,768,889.39",OK
Curve,2024-03-18,"2,677,944,660.29",OK
Curve,2024-03-19,"2,490,075,844.65",OK
Curve,2024-03-20,"2,536,868,796.21",OK
Curve,2024-03-21,"2,699,038,508.78",OK
Curve,2024-03-22,"2,446,211,374.37",OK
Curve,2024-03-23,"2,316,229,857.62",OK
Curve,2024-03-24,"2,587,220,588.74",OK
Curve,2024-03-25,"2,634,509,681.63",OK
Curve,2024-03-26,"2,732,369,747.03",OK
Curve,2024-03-27,"2,721,689,914.59",OK
Curve,2024-03-28,"2,683,672,330.04",OK
Curve,2024-03-29,"2,685,481,427.95",OK
Curve,2024-03-30,"2,678,747,322.18",OK
Curve,2024-03-31,"2,674,827,444.96",OK
Curve,2025-01-01,"2,394,662,253.03",OK
Curve,2025-01-02,"2,440,882,409.76",OK
Curve,2025-01-03,"2,411,240,232.74",OK
Curve,2025-01-04,"2,549,658,874.45",OK
Curve,2025-01-05,"2,584,610,090.33",OK
Curve,2025-01-06,"2,576,440,225.85",OK
Curve,2025-01-07,"2,622,885,957.71",OK
Curve,2025-01-08,"2,523,031,819.67",OK
Curve,2025-01-09,"2,483,455,719.41",OK
Curve,2025-01-10,"2,415,928,257.05",OK
Curve,2025-01-11,"2,351,769,195.95",OK
Curve,2025-01-12,"2,354,310,752.24",OK
Curve,2025-01-13,"2,382,167,055.12",OK
Curve,2025-01-14,"2,335,211,912.24",OK
Curve,2025-01-15,"2,363,980,600.55",OK
Curve,2025-01-16,"2,436,566,766.59",OK
Curve,2025-01-17,"2,416,807,088.27",OK
Curve,2025-01-18,"2,425,798,290.53",OK
Curve,2025-01-19,"2,410,061,967.89",OK
Curve,2025-01-20,"2,356,953,304.58",OK
Curve,2025-01-21,"2,325,613,000.05",OK
Curve,2025-01-22,"2,349,326,487.85",OK
Curve,2025-01-23,"2,304,794,323.10",OK
Curve,2025-01-24,"2,329,956,538.78",OK
Curve,2025-01-25,"2,326,363,597.09",OK
Curve,2025-01-26,"2,330,410,507.23",OK
Curve,2025-01-27,"2,307,865,228.36",OK
Curve,2025-01-28,"2,276,821,943.08",OK
Curve,2025-01-29,"2,251,503,106.09",OK
Curve,2025-01-30,"2,286,020,151.34",OK
Curve,2025-01-31,"2,320,059,353.23",OK
Curve,2025-02-01,"2,318,872,999.63",OK
Curve,2025-02-02,"2,270,761,792.30",OK
Curve,2025-02-03,"2,180,332,566.88",OK
Curve,2025-02-04,"2,166,649,966.38",OK
Curve,2025-02-05,"2,126,036,418.51",OK
Curve,2025-02-06,"2,132,403,003.10",OK
Curve,2025-02-07,"2,098,746,356.66",OK
Curve,2025-02-08,"2,074,013,612.87",OK
Curve,2025-02-09,"2,066,455,585.74",OK
Curve,2025-02-10,"2,066,548,409.56",OK
Curve,2025-02-11,"2,078,291,993.73",OK
Curve,2025-02-12,"2,062,360,170.00",OK
Curve,2025-02-13,"2,088,718,641.60",OK
Curve,2025-02-14,"2,049,497,417.90",OK
Curve,2025-02-15,"2,081,536,744.57",OK
Curve,2025-02-16,"2,073,203,960.55",OK
Curve,2025-02-17,"2,059,570,384.52",OK
Curve,2025-02-18,"2,070,361,364.78",OK
Curve,2025-02-19,"2,045,264,433.39",OK
Curve,2025-02-20,"2,038,422,173.03",OK
Curve,2025-02-21,"2,051,147,645.27",OK
Curve,2025-02-22,"2,024,596,308.03",OK
Curve,2025-02-23,"2,047,875,254.77",OK
Curve,2025-02-24,"2,060,842,007.28",OK
Curve,2025-02-25,"1,923,309,601.08",OK
Curve,2025-02-26,"1,907,059,545.50",OK
Curve,2025-02-27,"1,878,073,130.05",OK
Curve,2025-02-28,"1,862,933,142.65",OK
Curve,2025-03-01,"1,837,471,505.21",OK
Curve,2025-03-02,"1,827,772,238.70",OK
Curve,2025-03-03,"1,902,589,796.94",OK
Curve,2025-03-04,"1,789,393,180.61",OK
Curve,2025-03-05,"1,806,233,620.56",OK
Curve,2025-03-06,"1,818,297,361.77",OK
Curve,2025-03-07,"1,798,792,302.06",OK
Curve,2025-03-08,"1,803,220,824.26",OK
Curve,2025-03-09,"1,827,927,817.43",OK
Curve,2025-03-10,"1,779,190,156.16",OK
Curve,2025-03-11,"1,706,217,860.70",OK
Curve,2025-03-12,"1,733,041,002.67",OK
Curve,2025-03-13,"1,737,784,820.14",OK
Curve,2025-03-14,"1,725,525,775.42",OK
Curve,2025-03-15,"1,744,134,864.25",OK
Curve,2025-03-16,"1,748,589,816.93",OK
Curve,2025-03-17,"1,741,299,164.59",OK
Curve,2025-03-18,"1,761,800,529.73",OK
Curve,2025-03-19,"1,765,002,339.11",OK
Curve,2025-03-20,"1,813,127,299.59",OK
Curve,2025-03-21,"1,831,511,973.55",OK
Curve,2025-03-22,"1,860,592,508.97",OK
Curve,2025-03-23,"1,880,056,067.58",OK
Curve,2025-03-24,"1,897,501,824.77",OK
Curve,2025-03-25,"1,925,100,382.33",OK
Curve,2025-03-26,"1,903,002,697.19",OK
Curve,2025-03-27,"1,893,082,962.39",OK
Curve,2025-03-28,"1,859,615,833.44",OK
Curve,2025-03-29,"1,830,536,916.03",OK
Curve,2025-03-30,"1,823,620,159.19",OK
Curve,2025-03-31,"1,813,196,633.99",OK
EigenLayer,2024-01-01,"1,342,736,759.49",OK
EigenLayer,2024-01-02,"1,394,679,179.59",OK
EigenLayer,2024-01-03,"1,495,224,064.88",OK
EigenLayer,2024-01-04,"1,416,162,937.84",OK
EigenLayer,2024-01-05,"1,461,138,662.54",OK
EigenLayer,2024-01-06,"1,461,492,440.91",OK
EigenLayer,2024-01-07,"1,453,354,915.62",OK
EigenLayer,2024-01-08,"1,443,330,534.54",OK
EigenLayer,2024-01-09,"1,527,220,794.62",OK
EigenLayer,2024-01-10,"1,536,415,924.54",OK
EigenLayer,2024-01-11,"1,713,871,412.16",OK
EigenLayer,2024-01-12,"1,735,243,507.22",OK
EigenLayer,2024-01-13,"1,675,671,556.73",OK
EigenLayer,2024-01-14,"1,720,734,959.01",OK
EigenLayer,2024-01-15,"1,674,030,888.86",OK
EigenLayer,2024-01-16,"1,715,757,835.55",OK
EigenLayer,2024-01-17,"1,807,916,642.57",OK
EigenLayer,2024-01-18,"1,795,754,488.12",OK
EigenLayer,2024-01-19,"1,794,033,767.26",OK
EigenLayer,2024-01-20,"1,841,255,500.80",OK
EigenLayer,2024-01-21,"1,849,951,370.06",OK
EigenLayer,2024-01-22,"1,892,413,727.31",OK
EigenLayer,2024-01-23,"1,806,157,135.49",OK
EigenLayer,2024-01-24,"1,804,701,726.26",OK
EigenLayer,2024-01-25,"1,834,327,997.40",OK
EigenLayer,2024-01-26,"1,837,219,733.84",OK
EigenLayer,2024-01-27,"1,925,948,619.55",OK
EigenLayer,2024-01-28,"1,963,355,530.56",OK
EigenLayer,2024-01-29,"1,998,992,779.94",OK
EigenLayer,2024-01-30,"2,074,177,593.52",OK
EigenLayer,2024-01-31,"2,123,282,669.10",OK
EigenLayer,2024-02-01,"2,113,582,487.28",OK
EigenLayer,2024-02-02,"2,169,638,393.22",OK
EigenLayer,2024-02-03,"2,236,979,917.61",OK
EigenLayer,2024-02-04,"2,276,593,385.93",OK
EigenLayer,2024-02-05,"2,299,955,808.43",OK
EigenLayer,2024-02-06,"3,490,776,465.47",OK
EigenLayer,2024-02-07,"4,196,693,320.03",OK
EigenLayer,2024-02-08,"4,840,657,401.48",OK
EigenLayer,2024-02-09,"5,694,399,684.89",OK
EigenLayer,2024-02-10,"6,180,935,475.93",OK
EigenLayer,2024-02-11,"6,244,423,772.10",OK
EigenLayer,2024-02-12,"6,289,427,929.95",OK
EigenLayer,2024-02-13,"6,721,464,199.97",OK
EigenLayer,2024-02-14,"6,809,547,621.64",OK
EigenLayer,2024-02-15,"7,244,916,772.12",OK
EigenLayer,2024-02-16,"7,361,707,794.47",OK
EigenLayer,2024-02-17,"7,324,777,308.22",OK
EigenLayer,2024-02-18,"7,295,505,736.11",OK
EigenLayer,2024-02-19,"7,584,888,995.89",OK
EigenLayer,2024-02-20,"7,810,850,736.82",OK
EigenLayer,2024-02-21,"8,027,457,158.99",OK
EigenLayer,2024-02-22,"7,948,437,077.75",OK
EigenLayer,2024-02-23,"8,038,364,945.28",OK
EigenLayer,2024-02-24,"7,907,419,827.83",OK
EigenLayer,2024-02-25,"8,122,702,441.11",OK
EigenLayer,2024-02-26,"8,498,035,525.54",OK
EigenLayer,2024-02-27,"8,827,157,429.83",OK
EigenLayer,2024-02-28,"9,265,745,625.78",OK
EigenLayer,2024-02-29,"9,741,289,639.99",OK
EigenLayer,2024-03-01,"9,761,771,426.60",OK
EigenLayer,2024-03-02,"10,166,532,066.39",OK
EigenLayer,2024-03-03,"10,139,844,906.64",OK
EigenLayer,2024-03-04,"10,399,279,587.21",OK
EigenLayer,2024-03-05,"10,814,998,271.93",OK
EigenLayer,2024-03-06,"10,677,521,422.80",OK
EigenLayer,2024-03-07,"11,547,012,361.73",OK
EigenLayer,2024-03-08,"11,684,855,211.12",OK
EigenLayer,2024-03-09,"11,838,239,441.18",OK
EigenLayer,2024-03-10,"11,997,554,481.68",OK
EigenLayer,2024-03-11,"11,953,281,777.57",OK
EigenLayer,2024-03-12,"12,613,457,124.47",OK
EigenLayer,2024-03-13,"12,307,282,619.22",OK
EigenLayer,2024-03-14,"12,449,982,561.76",OK
EigenLayer,2024-03-15,"12,184,770,504.99",OK
EigenLayer,2024-03-16,"11,852,891,734.02",OK
EigenLayer,2024-03-17,"11,333,767,770.65",OK
EigenLayer,2024-03-18,"11,858,605,289.83",OK
EigenLayer,2024-03-19,"11,618,119,158.04",OK
EigenLayer,2024-03-20,"10,573,813,603.67",OK
EigenLayer,2024-03-21,"12,124,399,682.48",OK
EigenLayer,2024-03-22,"12,203,343,784.17",OK
EigenLayer,2024-03-23,"11,713,541,442.96",OK
EigenLayer,2024-03-24,"11,841,411,479.14",OK
EigenLayer,2024-03-25,"12,229,395,273.33",OK
EigenLayer,2024-03-26,"12,861,722,731.17",OK
EigenLayer,2024-03-27,"13,169,715,542.73",OK
EigenLayer,2024-03-28,"13,170,787,899.67",OK
EigenLayer,2024-03-29,"13,576,626,904.48",OK
EigenLayer,2024-03-30,"13,526,675,294.84",OK
EigenLayer,2024-03-31,"13,694,514,130.63",OK
EigenLayer,2025-01-01,"14,678,800,153.53",OK
EigenLayer,2025-01-02,"14,799,719,512.22",OK
EigenLayer,2025-01-03,"15,122,697,076.40",OK
EigenLayer,2025-01-04,"15,828,312,627.91",OK
EigenLayer,2025-01-05,"16,129,386,312.34",OK
EigenLayer,2025-01-06,"16,043,226,212.35",OK
EigenLayer,2025-01-07,"16,210,856,751.71",OK
EigenLayer,2025-01-08,"14,870,985,320.10",OK
EigenLayer,2025-01-09,"14,490,463,267.67",OK
EigenLayer,2025-01-10,"14,054,932,257.10",OK
EigenLayer,2025-01-11,"14,214,832,409.27",OK
EigenLayer,2025-01-12,"14,406,420,690.78",OK
EigenLayer,2025-01-13,"13,939,432,174.16",OK
EigenLayer,2025-01-14,"13,540,365,126.14",OK
EigenLayer,2025-01-15,"14,148,528,145.55",OK
EigenLayer,2025-01-16,"15,104,900,335.15",OK
EigenLayer,2025-01-17,"14,513,988,424.52",OK
EigenLayer,2025-01-18,"15,214,777,589.39",OK
EigenLayer,2025-01-19,"14,367,018,742.01",OK
EigenLayer,2025-01-20,"14,050,527,035.50",OK
EigenLayer,2025-01-21,"14,334,833,075.80",OK
EigenLayer,2025-01-22,"14,506,598,804.23",OK
EigenLayer,2025-01-23,"14,301,584,696.72",OK
EigenLayer,2025-01-24,"14,701,522,579.34",OK
EigenLayer,2025-01-25,"14,460,427,641.27",OK
EigenLayer,2025-01-26,"14,646,490,970.17",OK
EigenLayer,2025-01-27,"14,213,517,070.00",OK
EigenLayer,2025-01-28,"13,651,454,075.09",OK
EigenLayer,2025-01-29,"13,160,409,966.52",OK
EigenLayer,2025-01-30,"13,488,068,172.92",OK
EigenLayer,2025-01-31,"14,009,881,509.23",OK
EigenLayer,2025-02-01,"14,297,112,159.87",OK
EigenLayer,2025-02-02,"13,652,347,402.24",OK
EigenLayer,2025-02-03,"12,228,731,724.39",OK
EigenLayer,2025-02-04,"12,477,927,861.79",OK
EigenLayer,2025-02-05,"11,975,844,856.89",OK
EigenLayer,2025-02-06,"12,178,096,831.59",OK
EigenLayer,2025-02-07,"11,811,546,094.72",OK
EigenLayer,2025-02-08,"11,618,142,524.78",OK
EigenLayer,2025-02-09,"11,603,255,967.27",OK
EigenLayer,2025-02-10,"11,697,876,447.28",OK
EigenLayer,2025-02-11,"11,802,277,481.26",OK
EigenLayer,2025-02-12,"11,691,205,754.33",OK
EigenLayer,2025-02-13,"12,276,041,315.29",OK
EigenLayer,2025-02-14,"12,021,289,993.39",OK
EigenLayer,2025-02-15,"12,051,093,006.31",OK
EigenLayer,2025-02-16,"11,953,033,036.31",OK
EigenLayer,2025-02-17,"11,813,720,752.23",OK
EigenLayer,2025-02-18,"12,121,741,809.38",OK
EigenLayer,2025-02-19,"11,827,936,850.11",OK
EigenLayer,2025-02-20,"12,044,967,767.16",OK
EigenLayer,2025-02-21,"12,168,768,339.93",OK
EigenLayer,2025-02-22,"11,700,966,012.10",OK
EigenLayer,2025-02-23,"12,212,871,206.83",OK
EigenLayer,2025-02-24,"12,388,278,283.35",OK
EigenLayer,2025-02-25,"11,100,684,241.34",OK
EigenLayer,2025-02-26,"10,901,013,557.98",OK
EigenLayer,2025-02-27,"10,259,456,127.04",OK
EigenLayer,2025-02-28,"10,131,030,971.52",OK
EigenLayer,2025-03-01,"9,876,521,240.40",OK
EigenLayer,2025-03-02,"9,798,025,311.29",OK
EigenLayer,2025-03-03,"11,126,761,268.66",OK
EigenLayer,2025-03-04,"9,547,257,849.28",OK
EigenLayer,2025-03-05,"9,527,285,887.73",OK
EigenLayer,2025-03-06,"9,826,672,753.69",OK
EigenLayer,2025-03-07,"9,437,231,924.67",OK
EigenLayer,2025-03-08,"9,411,452,720.55",OK
EigenLayer,2025-03-09,"9,687,686,075.42",OK
EigenLayer,2025-03-10,"8,808,203,365.36",OK
EigenLayer,2025-03-11,"8,272,905,864.37",OK
EigenLayer,2025-03-12,"8,490,995,387.41",OK
EigenLayer,2025-03-13,"8,422,325,605.69",OK
EigenLayer,2025-03-14,"8,197,241,865.49",OK
EigenLayer,2025-03-15,"8,423,772,054.12",OK
EigenLayer,2025-03-16,"8,529,172,829.97",OK
EigenLayer,2025-03-17,"8,295,699,116.68",OK
EigenLayer,2025-03-18,"8,468,384,213.91",OK
EigenLayer,2025-03-19,"8,536,508,614.53",OK
EigenLayer,2025-03-20,"9,059,822,912.69",OK
EigenLayer,2025-03-21,"8,698,574,828.22",OK
EigenLayer,2025-03-22,"8,729,804,752.54",OK
EigenLayer,2025-03-23,"8,783,692,516.57",OK
EigenLayer,2025-03-24,"8,885,076,925.82",OK
EigenLayer,2025-03-25,"9,264,725,240.40",OK
EigenLayer,2025-03-26,"9,255,932,911.91",OK
EigenLayer,2025-03-27,"9,076,069,820.58",OK
EigenLayer,2025-03-28,"9,077,941,230.99",OK
EigenLayer,2025-03-29,"8,731,843,741.69",OK
EigenLayer,2025-03-30,"8,404,354,401.19",OK
EigenLayer,2025-03-31,"8,359,057,729.21",OK
Ethena,2024-01-01,"86,250,148.95",OK
Ethena,2024-01-02,"91,689,999.25",OK
Ethena,2024-01-03,"101,703,659.04",OK
Ethena,2024-01-04,"104,886,816.04",OK
Ethena,2024-01-05,"106,064,418.94",OK
Ethena,2024-01-06,"106,668,319.82",OK
Ethena,2024-01-07,"110,664,820.41",OK
Ethena,2024-01-08,"110,182,278.30",OK
Ethena,2024-01-09,"113,143,471.65",OK
Ethena,2024-01-10,"117,024,561.28",OK
Ethena,2024-01-11,"117,438,884.29",OK
Ethena,2024-01-12,"117,555,972.48",OK
Ethena,2024-01-13,"118,121,827.12",OK
Ethena,2024-01-14,"118,660,181.24",OK
Ethena,2024-01-15,"118,500,436.24",OK
Ethena,2024-01-16,"123,104,423.12",OK
Ethena,2024-01-17,"124,545,576.83",OK
Ethena,2024-01-18,"126,058,547.29",OK
Ethena,2024-01-19,"125,367,709.31",OK
Ethena,2024-01-20,"131,115,628.23",OK
Ethena,2024-01-21,"131,377,597.52",OK
Ethena,2024-01-22,"132,119,029.47",OK
Ethena,2024-01-23,"131,332,606.67",OK
Ethena,2024-01-24,"131,663,576.04",OK
Ethena,2024-01-25,"131,302,828.43",OK
Ethena,2024-01-26,"131,704,523.00",OK
Ethena,2024-01-27,"131,773,944.20",OK
Ethena,2024-01-28,"131,557,059.82",OK
Ethena,2024-01-29,"131,674,033.40",OK
Ethena,2024-01-30,"133,214,941.35",OK
Ethena,2024-01-31,"135,308,781.64",OK
Ethena,2024-02-01,"139,557,086.01",OK
Ethena,2024-02-02,"146,630,077.58",OK
Ethena,2024-02-03,"152,484,998.28",OK
Ethena,2024-02-04,"152,586,188.09",OK
Ethena,2024-02-05,"155,142,504.89",OK
Ethena,2024-02-06,"156,200,359.30",OK
Ethena,2024-02-07,"164,279,344.86",OK
Ethena,2024-02-08,"178,700,609.64",OK
Ethena,2024-02-09,"178,889,932.39",OK
Ethena,2024-02-10,"198,946,376.25",OK
Ethena,2024-02-11,"208,480,573.56",OK
Ethena,2024-02-12,"208,662,205.90",OK
Ethena,2024-02-13,"209,012,887.45",OK
Ethena,2024-02-14,"224,183,698.44",OK
Ethena,2024-02-15,"224,420,690.99",OK
Ethena,2024-02-16,"225,993,856.36",OK
Ethena,2024-02-17,"233,468,591.19",OK
Ethena,2024-02-18,"237,776,334.71",OK
Ethena,2024-02-19,"242,162,225.72",OK
Ethena,2024-02-20,"279,383,934.10",OK
Ethena,2024-02-21,"334,802,385.51",OK
Ethena,2024-02-22,"364,625,687.09",OK
Ethena,2024-02-23,"413,999,023.04",OK
Ethena,2024-02-24,"420,890,695.92",OK
Ethena,2024-02-25,"428,090,159.51",OK
Ethena,2024-02-26,"437,651,677.65",OK
Ethena,2024-02-27,"483,126,798.60",OK
Ethena,2024-02-28,"498,043,647.27",OK
Ethena,2024-02-29,"519,531,850.81",OK
Ethena,2024-03-01,"585,124,593.35",OK
Ethena,2024-03-02,"619,855,372.31",OK
Ethena,2024-03-03,"671,527,079.26",OK
Ethena,2024-03-04,"713,039,676.67",OK
Ethena,2024-03-05,"780,138,319.98",OK
Ethena,2024-03-06,"811,894,906.49",OK
Ethena,2024-03-07,"825,784,695.63",OK
Ethena,2024-03-08,"829,359,065.49",OK
Ethena,2024-03-09,"843,404,329.55",OK
Ethena,2024-03-10,"851,419,712.02",OK
Ethena,2024-03-11,"868,514,588.04",OK
Ethena,2024-03-12,"900,865,238.07",OK
Ethena,2024-03-13,"957,013,666.15",OK
Ethena,2024-03-14,"1,000,006,684.33",OK
Ethena,2024-03-15,"1,057,035,234.90",OK
Ethena,2024-03-16,"1,079,484,607.48",OK
Ethena,2024-03-17,"1,100,131,852.76",OK
Ethena,2024-03-18,"1,113,011,242.11",OK
Ethena,2024-03-19,"1,148,040,673.35",OK
Ethena,2024-03-20,"1,175,283,679.91",OK
Ethena,2024-03-21,"1,197,540,659.61",OK
Ethena,2024-03-22,"1,225,474,373.55",OK
Ethena,2024-03-23,"1,273,312,108.98",OK
Ethena,2024-03-24,"1,284,744,513.16",OK
Ethena,2024-03-25,"1,303,537,706.29",OK
Ethena,2024-03-26,"1,325,399,266.83",OK
Ethena,2024-03-27,"1,343,041,566.05",OK
Ethena,2024-03-28,"1,370,495,331.33",OK
Ethena,2024-03-29,"1,399,043,686.08",OK
Ethena,2024-03-30,"1,506,114,054.83",OK
Ethena,2024-03-31,"1,532,428,086.79",OK
Ethena,2025-01-01,"5,882,237,407.96",OK
Ethena,2025-01-02,"5,948,591,995.82",OK
Ethena,2025-01-03,"5,945,259,590.48",OK
Ethena,2025-01-04,"5,874,548,668.82",OK
Ethena,2025-01-05,"5,852,886,147.37",OK
Ethena,2025-01-06,"5,844,252,049.32",OK
Ethena,2025-01-07,"5,844,116,322.87",OK
Ethena,2025-01-08,"5,822,960,992.60",OK
Ethena,2025-01-09,"5,817,535,343.08",OK
Ethena,2025-01-10,"5,826,799,394.77",OK
Ethena,2025-01-11,"5,796,700,256.79",OK
Ethena,2025-01-12,"5,799,405,666.08",OK
Ethena,2025-01-13,"5,804,753,216.35",OK
Ethena,2025-01-14,"5,813,597,293.37",OK
Ethena,2025-01-15,"5,802,555,769.48",OK
Ethena,2025-01-16,"5,838,436,735.61",OK
Ethena,2025-01-17,"5,834,305,465.01",OK
Ethena,2025-01-18,"5,833,662,519.17",OK
Ethena,2025-01-19,"5,830,040,839.15",OK
Ethena,2025-01-20,"5,819,482,790.26",OK
Ethena,2025-01-21,"5,786,350,290.86",OK
Ethena,2025-01-22,"5,757,400,492.97",OK
Ethena,2025-01-23,"5,745,556,111.53",OK
Ethena,2025-01-24,"5,768,376,319.63",OK
Ethena,2025-01-25,"5,781,727,602.03",OK
Ethena,2025-01-26,"5,784,750,643.69",OK
Ethena,2025-01-27,"5,791,693,937.15",OK
Ethena,2025-01-28,"5,792,730,865.52",OK
Ethena,2025-01-29,"5,851,939,885.81",OK
Ethena,2025-01-30,"5,901,052,183.60",OK
Ethena,2025-01-31,"5,945,059,914.35",OK
Ethena,2025-02-01,"6,091,654,310.25",OK
Ethena,2025-02-02,"6,120,373,368.27",OK
Ethena,2025-02-03,"6,117,346,481.11",OK
Ethena,2025-02-04,"6,065,209,481.91",OK
Ethena,2025-02-05,"6,053,819,358.81",OK
Ethena,2025-02-06,"6,064,249,207.13",OK
Ethena,2025-02-07,"6,069,668,297.76",OK
Ethena,2025-02-08,"6,074,752,030.67",OK
Ethena,2025-02-09,"6,069,939,307.19",OK
Ethena,2025-02-10,"6,069,901,246.83",OK
Ethena,2025-02-11,"6,074,372,577.03",OK
Ethena,2025-02-12,"6,037,812,682.93",OK
Ethena,2025-02-13,"6,024,004,050.93",OK
Ethena,2025-02-14,"6,012,028,251.01",OK
Ethena,2025-02-15,"6,007,703,917.44",OK
Ethena,2025-02-16,"5,987,417,400.92",OK
Ethena,2025-02-17,"5,978,558,602.59",OK
Ethena,2025-02-18,"6,038,748,922.92",OK
Ethena,2025-02-19,"6,095,694,809.85",OK
Ethena,2025-02-20,"6,061,559,427.16",OK
Ethena,2025-02-21,"6,070,982,762.54",OK
Ethena,2025-02-22,"5,936,448,260.51",OK
Ethena,2025-02-23,"5,904,777,731.20",OK
Ethena,2025-02-24,"5,913,948,141.78",OK
Ethena,2025-02-25,"5,897,366,666.82",OK
Ethena,2025-02-26,"5,893,827,200.55",OK
Ethena,2025-02-27,"5,889,030,363.11",OK
Ethena,2025-02-28,"5,897,597,649.12",OK
Ethena,2025-03-01,"5,745,802,702.11",OK
Ethena,2025-03-02,"5,479,176,307.67",OK
Ethena,2025-03-03,"5,482,064,195.10",OK
Ethena,2025-03-04,"5,480,592,561.19",OK
Ethena,2025-03-05,"5,466,885,701.13",OK
Ethena,2025-03-06,"5,465,889,496.91",OK
Ethena,2025-03-07,"5,439,545,368.55",OK
Ethena,2025-03-08,"5,435,321,848.64",OK
Ethena,2025-03-09,"5,474,222,748.83",OK
Ethena,2025-03-10,"5,475,295,979.59",OK
Ethena,2025-03-11,"5,477,973,981.40",OK
Ethena,2025-03-12,"5,474,444,563.12",OK
Ethena,2025-03-13,"5,474,623,778.05",OK
Ethena,2025-03-14,"5,481,452,448.99",OK
Ethena,2025-03-15,"5,483,256,534.90",OK
Ethena,2025-03-16,"5,483,245,343.97",OK
Ethena,2025-03-17,"5,482,409,656.27",OK
Ethena,2025-03-18,"5,442,307,003.34",OK
Ethena,2025-03-19,"5,438,802,860.45",OK
Ethena,2025-03-20,"5,436,401,033.63",OK
Ethena,2025-03-21,"5,437,834,500.36",OK
Ethena,2025-03-22,"5,412,820,578.15",OK
Ethena,2025-03-23,"5,414,000,526.99",OK
Ethena,2025-03-24,"5,412,466,143.47",OK
Ethena,2025-03-25,"5,401,493,152.55",OK
Ethena,2025-03-26,"5,399,225,874.52",OK
Ethena,2025-03-27,"5,396,156,762.33",OK
Ethena,2025-03-28,"5,316,858,969.18",OK
Ethena,2025-03-29,"5,269,489,805.80",OK
Ethena,2025-03-30,"5,269,935,313.69",OK
Ethena,2025-03-31,"5,270,592,903.75",OK
Lido,2024-01-01,"21,373,948,242.66",OK
Lido,2024-01-02,"22,389,928,473.46",OK
Lido,2024-01-03,"22,162,193,305.26",OK
Lido,2024-01-04,"20,638,462,604.11",OK
Lido,2024-01-05,"21,029,057,517.67",OK
Lido,2024-01-06,"20,820,181,419.27",OK
Lido,2024-01-07,"20,804,825,994.79",OK
Lido,2024-01-08,"20,691,353,367.48",OK
Lido,2024-01-09,"21,239,757,026.13",OK
Lido,2024-01-10,"22,623,810,399.93",OK
Lido,2024-01-11,"24,775,778,019.83",OK
Lido,2024-01-12,"24,609,756,907.33",OK
Lido,2024-01-13,"23,715,374,940.12",OK
Lido,2024-01-14,"23,949,880,390.91",OK
Lido,2024-01-15,"23,775,704,642.31",OK
Lido,2024-01-16,"23,768,163,948.87",OK
Lido,2024-01-17,"23,767,514,937.92",OK
Lido,2024-01-18,"23,657,190,172.53",OK
Lido,2024-01-19,"23,372,917,350.91",OK
Lido,2024-01-20,"23,175,971,359.53",OK
Lido,2024-01-21,"23,235,261,397.60",OK
Lido,2024-01-22,"22,361,621,728.24",OK
Lido,2024-01-23,"20,961,483,686.03",OK
Lido,2024-01-24,"21,199,716,485.35",OK
Lido,2024-01-25,"20,905,164,760.17",OK
Lido,2024-01-26,"21,239,365,069.43",OK
Lido,2024-01-27,"21,326,349,338.33",OK
Lido,2024-01-28,"21,600,788,468.87",OK
Lido,2024-01-29,"21,408,839,842.70",OK
Lido,2024-01-30,"21,865,158,723.03",OK
Lido,2024-01-31,"21,691,562,309.79",OK
Lido,2024-02-01,"21,495,539,729.09",OK
Lido,2024-02-02,"22,017,698,740.68",OK
Lido,2024-02-03,"22,062,151,002.20",OK
Lido,2024-02-04,"21,969,031,353.58",OK
Lido,2024-02-05,"22,201,593,586.04",OK
Lido,2024-02-06,"22,222,462,618.51",OK
Lido,2024-02-07,"22,570,978,126.63",OK
Lido,2024-02-08,"23,272,659,130.45",OK
Lido,2024-02-09,"23,819,885,882.23",OK
Lido,2024-02-10,"23,970,134,012.90",OK
Lido,2024-02-11,"24,363,525,270.39",OK
Lido,2024-02-12,"24,000,159,813.74",OK
Lido,2024-02-13,"25,695,718,025.46",OK
Lido,2024-02-14,"26,681,482,527.83",OK
Lido,2024-02-15,"27,309,904,622.05",OK
Lido,2024-02-16,"27,729,975,845.83",OK
Lido,2024-02-17,"27,250,752,381.91",OK
Lido,2024-02-18,"27,592,849,919.12",OK
Lido,2024-02-19,"28,590,904,790.51",OK
Lido,2024-02-20,"28,596,157,764.80",OK
Lido,2024-02-21,"28,573,359,818.38",OK
Lido,2024-02-22,"29,255,801,847.82",OK
Lido,2024-02-23,"29,083,209,519.19",OK
Lido,2024-02-24,"29,352,938,741.36",OK
Lido,2024-02-25,"29,765,721,779.83",OK
Lido,2024-02-26,"30,192,952,043.03",OK
Lido,2024-02-27,"32,151,806,830.52",OK
Lido,2024-02-28,"32,956,243,612.15",OK
Lido,2024-02-29,"34,471,170,343.38",OK
Lido,2024-03-01,"33,856,353,045.29",OK
Lido,2024-03-02,"33,676,062,555.88",OK
Lido,2024-03-03,"33,654,309,879.65",OK
Lido,2024-03-04,"34,579,559,522.79",OK
Lido,2024-03-05,"36,890,064,680.93",OK
Lido,2024-03-06,"38,029,548,131.61",OK
Lido,2024-03-07,"37,566,475,300.44",OK
Lido,2024-03-08,"38,973,097,399.50",OK
Lido,2024-03-09,"38,782,184,813.68",OK
Lido,2024-03-10,"39,075,696,233.27",OK
Lido,2024-03-11,"39,894,470,648.63",OK
Lido,2024-03-12,"39,773,410,851.53",OK
Lido,2024-03-13,"40,166,366,166.73",OK
Lido,2024-03-14,"39,113,924,177.57",OK
Lido,2024-03-15,"38,410,537,211.03",OK
Lido,2024-03-16,"37,222,495,938.78",OK
Lido,2024-03-17,"34,871,200,857.34",OK
Lido,2024-03-18,"35,583,205,198.58",OK
Lido,2024-03-19,"34,584,367,357.81",OK
Lido,2024-03-20,"31,341,635,834.81",OK
Lido,2024-03-21,"34,655,417,262.74",OK
Lido,2024-03-22,"34,386,569,238.58",OK
Lido,2024-03-23,"32,672,576,578.24",OK
Lido,2024-03-24,"32,895,477,965.28",OK
Lido,2024-03-25,"33,742,922,378.37",OK
Lido,2024-03-26,"35,168,489,397.29",OK
Lido,2024-03-27,"34,998,655,460.20",OK
Lido,2024-03-28,"34,115,167,499.01",OK
Lido,2024-03-29,"34,731,970,105.89",OK
Lido,2024-03-30,"34,225,204,264.64",OK
Lido,2024-03-31,"34,146,351,588.08",OK
Lido,2025-01-01,"32,205,543,613.67",OK
Lido,2025-01-02,"32,448,919,351.76",OK
Lido,2025-01-03,"33,281,495,401.16",OK
Lido,2025-01-04,"34,862,579,908.99",OK
Lido,2025-01-05,"35,310,944,583.27",OK
Lido,2025-01-06,"35,195,997,570.34",OK
Lido,2025-01-07,"35,553,060,974.09",OK
Lido,2025-01-08,"32,636,977,298.52",OK
Lido,2025-01-09,"32,079,352,802.83",OK
Lido,2025-01-10,"30,977,410,323.21",OK
Lido,2025-01-11,"31,467,526,279.35",OK
Lido,2025-01-12,"31,648,363,733.41",OK
Lido,2025-01-13,"31,165,002,463.15",OK
Lido,2025-01-14,"30,120,490,969.47",OK
Lido,2025-01-15,"31,079,806,687.23",OK
Lido,2025-01-16,"33,036,360,580.66",OK
Lido,2025-01-17,"31,794,137,280.84",OK
Lido,2025-01-18,"33,480,781,149.20",OK
Lido,2025-01-19,"31,545,077,591.47",OK
Lido,2025-01-20,"30,853,578,523.09",OK
Lido,2025-01-21,"31,507,679,289.20",OK
Lido,2025-01-22,"31,883,899,272.86",OK
Lido,2025-01-23,"31,060,369,403.51",OK
Lido,2025-01-24,"31,962,017,436.01",OK
Lido,2025-01-25,"31,634,574,220.60",OK
Lido,2025-01-26,"31,919,422,812.29",OK
Lido,2025-01-27,"31,229,856,805.82",OK
Lido,2025-01-28,"30,247,394,377.37",OK
Lido,2025-01-29,"29,346,346,812.24",OK
Lido,2025-01-30,"29,826,852,785.21",OK
Lido,2025-01-31,"30,867,377,610.31",OK
Lido,2025-02-01,"31,354,907,312.49",OK
Lido,2025-02-02,"29,627,454,957.17",OK
Lido,2025-02-03,"26,681,941,000.57",OK
Lido,2025-02-04,"27,138,226,613.61",OK
Lido,2025-02-05,"25,926,745,906.89",OK
Lido,2025-02-06,"26,419,882,854.06",OK
Lido,2025-02-07,"25,427,211,850.17",OK
Lido,2025-02-08,"25,078,376,937.62",OK
Lido,2025-02-09,"24,927,919,212.15",OK
Lido,2025-02-10,"24,981,679,224.09",OK
Lido,2025-02-11,"25,048,852,503.00",OK
Lido,2025-02-12,"24,500,683,648.92",OK
Lido,2025-02-13,"25,690,424,588.69",OK
Lido,2025-02-14,"25,201,734,618.54",OK
Lido,2025-02-15,"25,570,912,385.54",OK
Lido,2025-02-16,"25,325,713,682.12",OK
Lido,2025-02-17,"25,049,285,865.45",OK
Lido,2025-02-18,"25,630,798,912.66",OK
Lido,2025-02-19,"25,152,989,716.71",OK
Lido,2025-02-20,"25,571,162,213.92",OK
Lido,2025-02-21,"25,848,531,668.92",OK
Lido,2025-02-22,"25,084,769,060.31",OK
Lido,2025-02-23,"26,044,117,218.09",OK
Lido,2025-02-24,"26,661,829,084.27",OK
Lido,2025-02-25,"23,571,649,957.69",OK
Lido,2025-02-26,"23,391,616,117.33",OK
Lido,2025-02-27,"21,896,492,505.66",OK
Lido,2025-02-28,"21,637,428,528.69",OK
Lido,2025-03-01,"20,925,003,105.59",OK
Lido,2025-03-02,"20,898,469,215.87",OK
Lido,2025-03-03,"23,624,236,934.97",OK
Lido,2025-03-04,"20,290,133,754.45",OK
Lido,2025-03-05,"20,306,332,184.67",OK
Lido,2025-03-06,"21,252,454,407.78",OK
Lido,2025-03-07,"20,044,381,079.97",OK
Lido,2025-03-08,"19,971,771,916.72",OK
Lido,2025-03-09,"20,590,046,352.03",OK
Lido,2025-03-10,"18,994,852,078.54",OK
Lido,2025-03-11,"17,550,933,967.45",OK
Lido,2025-03-12,"17,956,725,487.32",OK
Lido,2025-03-13,"17,855,783,042.22",OK
Lido,2025-03-14,"17,457,347,491.39",OK
Lido,2025-03-15,"17,913,617,805.68",OK
Lido,2025-03-16,"18,107,934,626.20",OK
Lido,2025-03-17,"17,694,862,441.37",OK
Lido,2025-03-18,"17,940,217,823.17",OK
Lido,2025-03-19,"18,035,671,359.23",OK
Lido,2025-03-20,"19,225,032,625.56",OK
Lido,2025-03-21,"18,599,161,419.82",OK
Lido,2025-03-22,"18,368,907,425.62",OK
Lido,2025-03-23,"18,497,386,089.27",OK
Lido,2025-03-24,"18,790,164,072.95",OK
Lido,2025-03-25,"19,561,977,868.98",OK
Lido,2025-03-26,"19,320,477,240.37",OK
Lido,2025-03-27,"19,009,551,468.07",OK
Lido,2025-03-28,"18,735,696,520.62",OK
Lido,2025-03-29,"17,876,625,208.28",OK
Lido,2025-03-30,"17,117,355,083.58",OK
Lido,2025-03-31,"16,901,782,336.26",OK
Maple,2024-01-01,"45,506,560.92",OK
Maple,2024-01-02,"45,298,383.62",OK
Maple,2024-01-03,"46,169,967.04",OK
Maple,2024-01-04,"44,678,366.53",OK
Maple,2024-01-05,"45,782,923.24",OK
Maple,2024-01-06,"45,224,921.06",OK
Maple,2024-01-07,"45,559,421.58",OK
Maple,2024-01-08,"46,447,649.40",OK
Maple,2024-01-09,"46,763,339.94",OK
Maple,2024-01-10,"47,432,148.62",OK
Maple,2024-01-11,"46,624,739.32",OK
Maple,2024-01-12,"47,758,844.23",OK
Maple,2024-01-13,"49,334,020.94",OK
Maple,2024-01-14,"47,771,727.85",OK
Maple,2024-01-15,"49,201,776.54",OK
Maple,2024-01-16,"49,131,880.69",OK
Maple,2024-01-17,"49,634,970.00",OK
Maple,2024-01-18,"47,401,256.45",OK
Maple,2024-01-19,"50,970,124.61",OK
Maple,2024-01-20,"47,473,799.12",OK
Maple,2024-01-21,"62,936,791.09",OK
Maple,2024-01-22,"64,098,667.08",OK
Maple,2024-01-23,"60,321,977.90",OK
Maple,2024-01-24,"55,155,023.48",OK
Maple,2024-01-25,"55,124,578.33",OK
Maple,2024-01-26,"55,449,167.49",OK
Maple,2024-01-27,"55,459,463.59",OK
Maple,2024-01-28,"56,898,883.82",OK
Maple,2024-01-29,"58,775,263.56",OK
Maple,2024-01-30,"51,758,261.74",OK
Maple,2024-01-31,"50,753,453.82",OK
Maple,2024-02-01,"52,114,986.81",OK
Maple,2024-02-02,"50,758,985.09",OK
Maple,2024-02-03,"51,048,115.43",OK
Maple,2024-02-04,"51,233,721.47",OK
Maple,2024-02-05,"52,121,476.94",OK
Maple,2024-02-06,"52,440,873.07",OK
Maple,2024-02-07,"50,089,478.75",OK
Maple,2024-02-08,"50,679,844.75",OK
Maple,2024-02-09,"51,661,066.81",OK
Maple,2024-02-10,"55,862,217.97",OK
Maple,2024-02-11,"54,986,706.95",OK
Maple,2024-02-12,"56,723,195.95",OK
Maple,2024-02-13,"66,358,765.06",OK
Maple,2024-02-14,"48,982,431.59",OK
Maple,2024-02-15,"48,637,799.65",OK
Maple,2024-02-16,"50,203,916.91",OK
Maple,2024-02-17,"50,617,954.79",OK
Maple,2024-02-18,"50,759,557.15",OK
Maple,2024-02-19,"51,621,973.65",OK
Maple,2024-02-20,"52,711,655.37",OK
Maple,2024-02-21,"52,932,351.28",OK
Maple,2024-02-22,"50,714,626.22",OK
Maple,2024-02-23,"50,126,873.51",OK
Maple,2024-02-24,"50,640,729.78",OK
Maple,2024-02-25,"50,147,892.44",OK
Maple,2024-02-26,"50,840,006.68",OK
Maple,2024-02-27,"51,967,335.24",OK
Maple,2024-02-28,"52,785,106.34",OK
Maple,2024-02-29,"55,189,774.53",OK
Maple,2024-03-01,"60,865,699.90",OK
Maple,2024-03-02,"53,549,373.07",OK
Maple,2024-03-03,"54,203,114.88",OK
Maple,2024-03-04,"56,146,224.79",OK
Maple,2024-03-05,"57,188,728.27",OK
Maple,2024-03-06,"60,371,323.66",OK
Maple,2024-03-07,"50,191,950.20",OK
Maple,2024-03-08,"50,867,149.92",OK
Maple,2024-03-09,"56,715,911.97",OK
Maple,2024-03-10,"56,716,128.36",OK
Maple,2024-03-11,"57,655,220.46",OK
Maple,2024-03-12,"57,487,840.92",OK
Maple,2024-03-13,"57,616,478.53",OK
Maple,2024-03-14,"57,257,135.12",OK
Maple,2024-03-15,"58,701,726.83",OK
Maple,2024-03-16,"56,187,697.14",OK
Maple,2024-03-17,"53,714,027.69",OK
Maple,2024-03-18,"55,627,270.00",OK
Maple,2024-03-19,"55,599,600.23",OK
Maple,2024-03-20,"52,904,692.72",OK
Maple,2024-03-21,"51,731,815.01",OK
Maple,2024-03-22,"60,674,713.45",OK
Maple,2024-03-23,"51,609,119.63",OK
Maple,2024-03-24,"50,698,567.89",OK
Maple,2024-03-25,"51,401,019.62",OK
Maple,2024-03-26,"58,167,373.81",OK
Maple,2024-03-27,"55,389,365.83",OK
Maple,2024-03-28,"55,518,298.57",OK
Maple,2024-03-29,"39,820,467.50",OK
Maple,2024-03-30,"39,824,930.45",OK
Maple,2024-03-31,"40,480,620.90",OK
Maple,2025-01-01,"265,129,421.66",OK
Maple,2025-01-02,"263,834,186.37",OK
Maple,2025-01-03,"257,368,182.11",OK
Maple,2025-01-04,"273,954,929.01",OK
Maple,2025-01-05,"281,446,680.45",OK
Maple,2025-01-06,"285,992,620.64",OK
Maple,2025-01-07,"283,874,490.11",OK
Maple,2025-01-08,"289,271,385.62",OK
Maple,2025-01-09,"289,736,643.03",OK
Maple,2025-01-10,"266,215,261.76",OK
Maple,2025-01-11,"261,297,680.29",OK
Maple,2025-01-12,"265,579,506.26",OK
Maple,2025-01-13,"262,578,302.52",OK
Maple,2025-01-14,"261,041,855.79",OK
Maple,2025-01-15,"252,058,018.33",OK
Maple,2025-01-16,"267,193,138.84",OK
Maple,2025-01-17,"261,529,347.10",OK
Maple,2025-01-18,"274,043,657.79",OK
Maple,2025-01-19,"282,308,392.47",OK
Maple,2025-01-20,"283,158,727.21",OK
Maple,2025-01-21,"284,929,291.87",OK
Maple,2025-01-22,"289,989,259.74",OK
Maple,2025-01-23,"285,019,414.47",OK
Maple,2025-01-24,"278,549,153.59",OK
Maple,2025-01-25,"274,603,042.21",OK
Maple,2025-01-26,"291,208,147.58",OK
Maple,2025-01-27,"284,012,857.36",OK
Maple,2025-01-28,"288,244,775.53",OK
Maple,2025-01-29,"265,340,924.69",OK
Maple,2025-01-30,"282,083,436.33",OK
Maple,2025-01-31,"279,658,383.87",OK
Maple,2025-02-01,"289,473,750.41",OK
Maple,2025-02-02,"281,883,868.49",OK
Maple,2025-02-03,"270,803,747.93",OK
Maple,2025-02-04,"255,880,161.73",OK
Maple,2025-02-05,"258,918,484.02",OK
Maple,2025-02-06,"272,341,095.43",OK
Maple,2025-02-07,"272,664,513.31",OK
Maple,2025-02-08,"264,479,915.87",OK
Maple,2025-02-09,"269,803,481.49",OK
Maple,2025-02-10,"266,612,439.81",OK
Maple,2025-02-11,"264,390,688.45",OK
Maple,2025-02-12,"274,070,606.30",OK
Maple,2025-02-13,"270,449,249.89",OK
Maple,2025-02-14,"330,752,847.93",OK
Maple,2025-02-15,"343,748,387.29",OK
Maple,2025-02-16,"342,459,836.01",OK
Maple,2025-02-17,"335,580,449.33",OK
Maple,2025-02-18,"331,335,432.84",OK
Maple,2025-02-19,"329,920,188.18",OK
Maple,2025-02-20,"331,707,377.58",OK
Maple,2025-02-21,"312,881,405.59",OK
Maple,2025-02-22,"343,500,140.42",OK
Maple,2025-02-23,"337,008,998.63",OK
Maple,2025-02-24,"347,496,572.09",OK
Maple,2025-02-25,"347,711,195.91",OK
Maple,2025-02-26,"328,933,699.48",OK
Maple,2025-02-27,"312,157,073.75",OK
Maple,2025-02-28,"297,030,024.67",OK
Maple,2025-03-01,"297,694,216.07",OK
Maple,2025-03-02,"340,975,303.03",OK
Maple,2025-03-03,"343,689,590.59",OK
Maple,2025-03-04,"386,983,962.51",OK
Maple,2025-03-05,"325,694,707.91",OK
Maple,2025-03-06,"406,471,931.22",OK
Maple,2025-03-07,"407,783,334.81",OK
Maple,2025-03-08,"406,562,606.80",OK
Maple,2025-03-09,"423,468,701.43",OK
Maple,2025-03-10,"426,947,069.10",OK
Maple,2025-03-11,"396,573,947.57",OK
Maple,2025-03-12,"403,881,723.17",OK
Maple,2025-03-13,"404,314,453.49",OK
Maple,2025-03-14,"391,925,915.62",OK
Maple,2025-03-15,"393,218,700.04",OK
Maple,2025-03-16,"410,747,704.41",OK
Maple,2025-03-17,"400,584,263.74",OK
Maple,2025-03-18,"407,487,561.95",OK
Maple,2025-03-19,"408,810,192.51",OK
Maple,2025-03-20,"404,802,386.61",OK
Maple,2025-03-21,"385,123,323.27",OK
Maple,2025-03-22,"419,695,994.36",OK
Maple,2025-03-23,"419,061,021.31",OK
Maple,2025-03-24,"422,252,268.74",OK
Maple,2025-03-25,"451,523,949.45",OK
Maple,2025-03-26,"450,825,457.14",OK
Maple,2025-03-27,"464,670,107.77",OK
Maple,2025-03-28,"454,014,069.94",OK
Maple,2025-03-29,"453,917,116.03",OK
Maple,2025-03-30,"444,529,839.52",OK
Maple,2025-03-31,"444,328,567.62",OK
Uniswap,2024-01-01,"3,712,660,767.15",OK
Uniswap,2024-01-02,"3,832,802,258.32",OK
Uniswap,2024-01-03,"3,825,481,818.82",OK
Uniswap,2024-01-04,"3,658,153,417.85",OK
Uniswap,2024-01-05,"3,727,835,526.47",OK
Uniswap,2024-01-06,"3,703,819,805.38",OK
Uniswap,2024-01-07,"3,701,512,383.40",OK
Uniswap,2024-01-08,"4,064,144,133.71",OK
Uniswap,2024-01-09,"4,148,107,797.38",OK
Uniswap,2024-01-10,"4,241,100,624.41",OK
Uniswap,2024-01-11,"4,429,896,113.41",OK
Uniswap,2024-01-12,"4,448,909,442.52",OK
Uniswap,2024-01-13,"4,334,564,639.09",OK
Uniswap,2024-01-14,"4,419,600,831.99",OK
Uniswap,2024-01-15,"4,363,421,134.71",OK
Uniswap,2024-01-16,"4,387,176,309.76",OK
Uniswap,2024-01-17,"4,468,851,132.31",OK
Uniswap,2024-01-18,"4,393,439,726.27",OK
Uniswap,2024-01-19,"4,291,940,013.25",OK
Uniswap,2024-01-20,"4,339,333,041.19",OK
Uniswap,2024-01-21,"4,327,815,060.65",OK
Uniswap,2024-01-22,"4,336,745,102.82",OK
Uniswap,2024-01-23,"4,150,345,948.98",OK
Uniswap,2024-01-24,"4,063,329,531.65",OK
Uniswap,2024-01-25,"4,077,040,103.11",OK
Uniswap,2024-01-26,"4,064,324,322.48",OK
Uniswap,2024-01-27,"4,154,549,030.43",OK
Uniswap,2024-01-28,"4,093,631,754.97",OK
Uniswap,2024-01-29,"4,089,610,732.27",OK
Uniswap,2024-01-30,"4,163,772,305.33",OK
Uniswap,2024-01-31,"4,186,994,057.75",OK
Uniswap,2024-02-01,"4,065,308,870.22",OK
Uniswap,2024-02-02,"4,131,088,908.53",OK
Uniswap,2024-02-03,"4,128,534,548.16",OK
Uniswap,2024-02-04,"4,108,465,257.58",OK
Uniswap,2024-02-05,"4,100,253,008.42",OK
Uniswap,2024-02-06,"4,149,197,722.34",OK
Uniswap,2024-02-07,"4,251,068,660.51",OK
Uniswap,2024-02-08,"4,320,546,724.09",OK
Uniswap,2024-02-09,"4,322,246,652.97",OK
Uniswap,2024-02-10,"4,402,768,087.81",OK
Uniswap,2024-02-11,"4,424,464,257.48",OK
Uniswap,2024-02-12,"4,433,893,127.57",OK
Uniswap,2024-02-13,"4,630,639,610.17",OK
Uniswap,2024-02-14,"4,538,551,541.55",OK
Uniswap,2024-02-15,"4,740,963,034.09",OK
Uniswap,2024-02-16,"4,733,805,319.82",OK
Uniswap,2024-02-17,"4,698,472,082.39",OK
Uniswap,2024-02-18,"4,691,515,626.85",OK
Uniswap,2024-02-19,"4,835,532,104.46",OK
Uniswap,2024-02-20,"4,883,513,474.07",OK
Uniswap,2024-02-21,"4,998,085,810.39",OK
Uniswap,2024-02-22,"4,936,387,995.23",OK
Uniswap,2024-02-23,"4,994,319,903.44",OK
Uniswap,2024-02-24,"4,937,596,481.57",OK
Uniswap,2024-02-25,"5,019,300,037.47",OK
Uniswap,2024-02-26,"5,157,804,922.18",OK
Uniswap,2024-02-27,"5,190,790,840.33",OK
Uniswap,2024-02-28,"5,206,494,930.87",OK
Uniswap,2024-02-29,"5,368,375,865.45",OK
Uniswap,2024-03-01,"5,276,228,501.75",OK
Uniswap,2024-03-02,"5,534,038,569.46",OK
Uniswap,2024-03-03,"5,587,136,195.82",OK
Uniswap,2024-03-04,"5,708,023,860.51",OK
Uniswap,2024-03-05,"5,831,580,777.49",OK
Uniswap,2024-03-06,"5,667,325,390.49",OK
Uniswap,2024-03-07,"5,898,065,684.70",OK
Uniswap,2024-03-08,"5,941,402,652.53",OK
Uniswap,2024-03-09,"5,974,809,975.85",OK
Uniswap,2024-03-10,"6,052,172,037.15",OK
Uniswap,2024-03-11,"6,005,144,369.22",OK
Uniswap,2024-03-12,"6,262,042,349.89",OK
Uniswap,2024-03-13,"6,142,000,825.70",OK
Uniswap,2024-03-14,"6,193,736,627.02",OK
Uniswap,2024-03-15,"6,107,198,403.86",OK
Uniswap,2024-03-16,"5,880,764,007.66",OK
Uniswap,2024-03-17,"5,573,709,281.01",OK
Uniswap,2024-03-18,"5,732,130,205.20",OK
Uniswap,2024-03-19,"5,569,406,309.40",OK
Uniswap,2024-03-20,"5,242,246,568.13",OK
Uniswap,2024-03-21,"5,767,534,430.57",OK
Uniswap,2024-03-22,"5,734,821,736.02",OK
Uniswap,2024-03-23,"5,632,336,814.23",OK
Uniswap,2024-03-24,"5,635,946,970.88",OK
Uniswap,2024-03-25,"5,894,217,641.44",OK
Uniswap,2024-03-26,"6,055,996,984.82",OK
Uniswap,2024-03-27,"6,069,146,042.10",OK
Uniswap,2024-03-28,"6,000,358,297.84",OK
Uniswap,2024-03-29,"6,054,802,882.59",OK
Uniswap,2024-03-30,"6,008,176,214.73",OK
Uniswap,2024-03-31,"6,087,815,914.57",OK
Uniswap,2025-01-01,"5,877,844,690.93",OK
Uniswap,2025-01-02,"5,959,316,537.36",OK
Uniswap,2025-01-03,"6,113,013,477.73",OK
Uniswap,2025-01-04,"6,354,453,908.09",OK
Uniswap,2025-01-05,"6,372,929,046.01",OK
Uniswap,2025-01-06,"6,386,839,683.85",OK
Uniswap,2025-01-07,"6,480,842,515.47",OK
Uniswap,2025-01-08,"6,064,340,676.14",OK
Uniswap,2025-01-09,"6,093,468,052.46",OK
Uniswap,2025-01-10,"5,880,592,733.66",OK
Uniswap,2025-01-11,"6,030,978,364.36",OK
Uniswap,2025-01-12,"6,006,358,398.66",OK
Uniswap,2025-01-13,"5,891,574,151.52",OK
Uniswap,2025-01-14,"5,752,077,725.39",OK
Uniswap,2025-01-15,"5,993,549,389.21",OK
Uniswap,2025-01-16,"6,354,998,746.08",OK
Uniswap,2025-01-17,"6,169,418,611.19",OK
Uniswap,2025-01-18,"6,046,306,167.75",OK
Uniswap,2025-01-19,"6,009,911,650.97",OK
Uniswap,2025-01-20,"5,771,817,978.78",OK
Uniswap,2025-01-21,"5,771,323,037.92",OK
Uniswap,2025-01-22,"5,895,949,638.25",OK
Uniswap,2025-01-23,"5,794,333,644.21",OK
Uniswap,2025-01-24,"5,874,269,499.50",OK
Uniswap,2025-01-25,"5,904,430,608.45",OK
Uniswap,2025-01-26,"5,937,076,399.44",OK
Uniswap,2025-01-27,"5,809,031,416.01",OK
Uniswap,2025-01-28,"5,617,844,400.12",OK
Uniswap,2025-01-29,"5,493,922,707.43",OK
Uniswap,2025-01-30,"5,634,397,603.69",OK
Uniswap,2025-01-31,"5,817,769,754.11",OK
Uniswap,2025-02-01,"5,894,625,018.62",OK
Uniswap,2025-02-02,"5,722,117,593.41",OK
Uniswap,2025-02-03,"5,564,975,933.64",OK
Uniswap,2025-02-04,"5,313,328,932.04",OK
Uniswap,2025-02-05,"5,134,812,120.80",OK
Uniswap,2025-02-06,"5,026,504,541.14",OK
Uniswap,2025-02-07,"4,890,451,546.95",OK
Uniswap,2025-02-08,"4,835,201,363.88",OK
Uniswap,2025-02-09,"4,859,111,697.82",OK
Uniswap,2025-02-10,"4,841,885,179.22",OK
Uniswap,2025-02-11,"4,894,870,148.92",OK
Uniswap,2025-02-12,"4,753,282,113.55",OK
Uniswap,2025-02-13,"4,857,681,876.52",OK
Uniswap,2025-02-14,"4,799,268,665.18",OK
Uniswap,2025-02-15,"4,856,668,877.68",OK
Uniswap,2025-02-16,"4,839,688,845.44",OK
Uniswap,2025-02-17,"4,874,184,679.58",OK
Uniswap,2025-02-18,"4,850,261,057.79",OK
Uniswap,2025-02-19,"4,770,876,851.47",OK
Uniswap,2025-02-20,"4,814,506,068.79",OK
Uniswap,2025-02-21,"4,883,596,375.27",OK
Uniswap,2025-02-22,"4,771,941,813.57",OK
Uniswap,2025-02-23,"4,905,978,479.00",OK
Uniswap,2025-02-24,"4,944,759,166.68",OK
Uniswap,2025-02-25,"4,428,954,509.53",OK
Uniswap,2025-02-26,"4,452,646,164.98",OK
Uniswap,2025-02-27,"4,246,809,455.14",OK
Uniswap,2025-02-28,"4,134,524,339.51",OK
Uniswap,2025-03-01,"4,178,241,387.97",OK
Uniswap,2025-03-02,"4,085,883,190.07",OK
Uniswap,2025-03-03,"4,495,973,804.10",OK
Uniswap,2025-03-04,"4,005,142,950.10",OK
Uniswap,2025-03-05,"4,099,602,844.12",OK
Uniswap,2025-03-06,"4,246,068,899.93",OK
Uniswap,2025-03-07,"4,095,608,430.92",OK
Uniswap,2025-03-08,"4,060,889,731.48",OK
Uniswap,2025-03-09,"4,126,712,162.56",OK
Uniswap,2025-03-10,"3,874,643,470.43",OK
Uniswap,2025-03-11,"3,595,914,930.21",OK
Uniswap,2025-03-12,"3,743,841,987.59",OK
Uniswap,2025-03-13,"3,695,913,161.46",OK
Uniswap,2025-03-14,"3,623,175,536.55",OK
Uniswap,2025-03-15,"3,725,156,360.36",OK
Uniswap,2025-03-16,"4,007,852,067.16",OK
Uniswap,2025-03-17,"3,916,254,202.39",OK
Uniswap,2025-03-18,"3,995,157,486.08",OK
Uniswap,2025-03-19,"3,970,347,153.50",OK
Uniswap,2025-03-20,"4,125,356,124.45",OK
Uniswap,2025-03-21,"3,936,001,897.63",OK
Uniswap,2025-03-22,"4,018,239,396.17",OK
Uniswap,2025-03-23,"3,974,659,582.70",OK
Uniswap,2025-03-24,"4,057,675,635.93",OK
Uniswap,2025-03-25,"4,090,076,261.99",OK
Uniswap,2025-03-26,"4,128,301,371.76",OK
Uniswap,2025-03-27,"4,084,584,435.39",OK
Uniswap,2025-03-28,"4,079,434,164.34",OK
Uniswap,2025-03-29,"3,898,889,723.35",OK
Uniswap,2025-03-30,"3,760,969,648.44",OK
Uniswap,2025-03-31,"3,734,694,731.14",OK